{
    "name": "db2_fdw",
    "abstract": "PostgreSQL Data Wrappper to DB2 databases",
    "description": "With the Data Wrapper you can acces DB2 Tabels",
    "version": "1.0.5",
    "maintainer": [
      "Wolfgang Brandl <wolfgang.brandl@chello.at>"
   ],
    "license": "postgresql",
    "provides": {
        "db2_fdw": {
            "abstract": "PostgreSQL Data Wrappper to DB2 databases",
            "file": "sql/db2_fdw.sql",
            "docfile": "doc/db2_fdw.md",
            "version": "1.0.5"
        }
    },
    "resources": {
      "repository": {
        "url":  "https://github.com/wolfgangbrandl/db2_fdw.git",
        "web":  "https://github.com/wolfgangbrandl/db2_fdw",
        "type": "git"
      }
   },
    "generated_by": "Wolfgang Brandl",
    "meta-spec": {
        "version": "1.0.0",
        "url": "http://pgxn.org/meta/spec.txt"
    },
    "tags": [
      "DB2 Data Wrapper",
      "foreign data wrapper"
   ]
}
